CustomerID,Name,City,Email
1,Saanvi Choudhury,Pali,wagleeva@kale-kapoor.org
2,Indrans Devan,Nagaon,ychand@yahoo.com
3,Shalv Bora,Nagercoil,ranbir13@hotmail.com
4,Divyansh Koshy,Durgapur,darshit26@gmail.com
5,Ahana  Master,Raurkela Industrial Township,ygoyal@yahoo.com
6,Zaina Srivastava,Akola,bbrar@zachariah.com
7,Lavanya Sastry,Secunderabad,bajwasiya@batra.com
8,Samaira Lall,Gangtok,mammenmisha@gmail.com
9,Ayesha Chandran,Dharmavaram,cbains@gmail.com
10,Yakshit Subramanian,Noida,manjariviswanathan@kadakia.com
11,Neelofar Chaudhari,Jalandhar,pbhasin@kannan.com
12,Tejas Ratta,Kavali,zyohannan@yahoo.com
13,Hazel Zacharia,Orai,bmandal@yahoo.com
14,Suhana Sunder,Bhilai,chokshiishaan@sabharwal.info
15,Adah Swamy,Mango,ugrewal@hotmail.com
16,Dishani Barad,Vellore,ryan01@chauhan-bhargava.org
17,Zara Badami,Jamalpur,osubramaniam@gmail.com
18,Ojas Agate,Dhule,reddyriya@cherian-borde.com
19,Reyansh Mangat,Mangalore,grajan@kannan-kuruvilla.org
20,Dhruv Varkey,Motihari,mrana@soni-dayal.com
21,Aniruddh Dewan,Hosur,hsoman@kapur.com
22,Nehmat Kant,Hapur,kumardharmajan@hotmail.com
23,Bhamini Gulati,Kharagpur,gwalia@basu.com
24,Krish Yogi,Mathura,gsoni@khalsa.net
25,Ahana  Lad,Morena,karirati@hotmail.com
26,Gokul Johal,Mango,vritikabalay@hotmail.com
27,Hunar Viswanathan,Suryapet,armaansandhu@madan.com
28,Hiran Dube,Karaikudi,inaaya-kapoor@toor.org
29,Jayan Krishnamurthy,Gudivada,dhillonindrans@gmail.com
30,Armaan Zachariah,Guntakal,ranbir29@gmail.com
31,Sumer Banik,Mau,vidurkari@khurana.com
32,Tara Kibe,Hospet,warriorfateh@hotmail.com
33,Riya Suresh,Kozhikode,ctank@yahoo.com
34,Divyansh Gola,Munger,qbanerjee@yahoo.com
35,Vihaan Bansal,Arrah,sulesamaira@rau.net
36,Indrans Lalla,Pune,shalvwason@agrawal.com
37,Ela Sengupta,Singrauli,sridharjiya@gmail.com
38,Jayesh Bose,Kulti,stuvanbalakrishnan@singh.com
39,Hunar Madan,Ozhukarai,csharaf@apte.net
40,Shamik Goyal,Visakhapatnam,singhalbhamini@chacko.com
41,Sahil Sahota,Morena,ishaan24@seshadri.com
42,Jivin Wali,Mathura,inaaya-dhingra@hotmail.com
43,Raghav Ramachandran,Sangli-Miraj & Kupwad,dgrover@gmail.com
44,Pihu Saraf,Deoghar,nirvi99@yahoo.com
45,Vedika Majumdar,Anand,divyansh50@dubey-sridhar.com
46,Manikya Goel,Jamalpur,ybumb@zacharia.info
47,Ehsaan Kuruvilla,Kollam,ivana01@walia.biz
48,Manjari Hegde,Raurkela Industrial Township,cmahal@yahoo.com
49,Jayan Mani,Kishanganj,jvyas@gmail.com
50,Aradhya Mahajan,Amravati,prerakdeshpande@dass-kothari.com
51,Dharmajan Jani,Gangtok,kamdarurvi@kuruvilla.com
52,Mamooty Bava,Panchkula,kimaya09@hotmail.com
53,Kiaan Subramaniam,Ahmedabad,yakshit10@buch.com
54,Ehsaan Kala,Eluru,krishnamurthyeva@dewan-gulati.net
55,Vihaan Vora,Haldia,balaytanya@vasa-chowdhury.com
56,Emir Gill,Bharatpur,hsahota@gmail.com
57,Ryan Sura,Pune,qreddy@hotmail.com
58,Yasmin Jain,Satara,jhanvi27@gmail.com
59,Ritvik Ramakrishnan,Gaya,walianirvi@hotmail.com
60,Indrans Sood,Kharagpur,dharmajan12@kohli.com
61,Madhup Bhalla,Madanapalle,arnavchhabra@bera-anand.net
62,Mohanlal Kumar,Guna,zbanik@boase.com
63,Himmat Chander,Solapur,devansh59@hotmail.com
64,Tarini Chawla,Baranagar,neelofar57@hotmail.com
65,Aarav Chaudhuri,Katihar,nakul94@luthra.biz
66,Amira Kata,Kurnool,hridaan53@gmail.com
67,Divyansh Madan,Guwahati,ravinitya@brahmbhatt.com
68,Gokul Rama,Kavali,chiragsachdev@hotmail.com
69,Divit Dayal,Karawal Nagar,banikhimmat@ramakrishnan-jaggi.com
70,Darshit Tella,Mirzapur,baijukaran@hotmail.com
71,Biju Sankar,Nagpur,divijkumar@yahoo.com
72,Shamik Bhakta,Bellary,nitara86@yahoo.com
73,Indrans Borra,Alwar,choudharymisha@chana.com
74,Renee Kala,Katihar,utara@virk.com
75,Kanav Mannan,Bhubaneswar,ladmiraya@agarwal.org
76,Jiya Gour,Jalgaon,halderaniruddh@hotmail.com
77,Vardaniya Gill,Tenali,himmat77@boase-keer.com
78,Shanaya Hayer,Indore,arhaandhaliwal@yahoo.com
79,Samaira Krishnan,Akola,samarde@singhal-balakrishnan.com
80,Vedika Sen,Varanasi,mallickpranay@yahoo.com
81,Jivika Grover,Imphal,divijbutala@gmail.com
82,Mishti Reddy,Howrah,vmallick@sarna.com
83,Hridaan Ben,Munger,ehsaansundaram@yahoo.com
84,Rohan Balakrishnan,Haldia,dhingradiya@mahajan-chaudry.com
85,Amani Choudhury,Bettiah,ysabharwal@chakrabarti-ganguly.com
86,Kiaan Dixit,Hyderabad,wsem@bhatt.biz
87,Samiha Borah,Asansol,prerak49@hotmail.com
88,Oorja Dora,Raichur,dalalanika@sangha.com
89,Ayesha Chauhan,Avadi,nitaramann@hotmail.com
90,Aaina Kulkarni,Solapur,yuvraj-43@keer.biz
91,Keya Kothari,Malegaon,ikapur@gade.com
92,Alia Rana,Jorhat,advika24@yahoo.com
93,Ira Saxena,Jhansi,nayantarachandran@yahoo.com
94,Anahi Banik,Firozabad,darshitbarad@rege-kaul.com
95,Ayesha Kade,Lucknow,mehulkara@rajagopal.com
96,Stuvan Dewan,Tirunelveli,aradhya73@yahoo.com
97,Seher Chakraborty,Tiruchirappalli,chiragkalla@gmail.com
98,Ehsaan Deol,Alwar,rameshivana@gmail.com
99,Vedika Sibal,Kottayam,oorjalad@hotmail.com
100,Miraya Banik,Arrah,rviswanathan@doctor.info
101,Divit Talwar,Buxar,baijubora@kari-sarma.com
102,Aarav Shukla,Panipat,shlok81@gmail.com
103,Trisha Thakkar,Anand,gokul05@gmail.com
104,Aarna Anne,Ballia,uthkarshanand@hotmail.com
105,Anvi Deo,Pune,shettyindrajit@yahoo.com
106,Rasha Walla,Gwalior,nayantara80@dixit-datta.net
107,Yuvraj  Kala,Bongaigaon,qgrewal@hotmail.com
108,Saira Mallick,Bangalore,advikatank@yahoo.com
109,Kaira Goyal,Proddatur,balihansh@saraf.biz
110,Manikya Yohannan,Ludhiana,lagansood@yahoo.com
111,Nishith Chatterjee,Malda,mastermisha@hotmail.com
112,Navya Chacko,Chennai,kapuryuvraj@dass-sharaf.biz
113,Saira Dasgupta,Tirunelveli,ehsaan32@ahluwalia-setty.org
114,Lagan Tripathi,Hosur,shamik10@gmail.com
115,Kimaya Bhattacharyya,Salem,neysa84@solanki-gola.com
116,Shray Amble,Amritsar,bhavin14@sangha-reddy.biz
117,Shray Tiwari,Katihar,navyabrar@yahoo.com
118,Ritvik Anne,Kulti,kiaan72@gmail.com
119,Hrishita Toor,Vijayawada,taravirk@bakshi-kurian.com
120,Aarav Chander,Kharagpur,lakshay12@zacharia-chadha.com
121,Piya Suresh,Navi Mumbai,indranssood@char-deep.com
122,Kabir Doctor,Berhampore,nirvaandin@gmail.com
123,Gokul Savant,Bhusawal,masterdivit@yahoo.com
124,Adah Lata,Sangli-Miraj & Kupwad,okrishna@borde-dugal.info
125,Mohanlal Rout,Siliguri,damini68@hotmail.com
126,Zaina Kadakia,Uluberia,swali@arya.biz
127,Amira Kamdar,Guntur,oorja54@hotmail.com
128,Zaina Mander,Udupi,amann@dhar.biz
129,Tara Thaman,Kulti,zoya96@chadha.biz
130,Kavya Walla,Bhiwani,adah32@buch.org
131,Jayan Bhat,Vasai-Virar,nitaralata@gmail.com
132,Romil Bath,Kirari Suleman Nagar,ryankunda@yahoo.com
133,Riya Basu,Berhampur,vivaan91@guha.com
134,Pari Balasubramanian,Machilipatnam,kandalakshay@khatri.biz
135,Adira Deshmukh,Jalgaon,choprasahil@manda-mangal.org
136,Siya Bora,Khammam,choudhryanahita@varughese.info
137,Akarsh Zacharia,Secunderabad,jivinrajan@yahoo.com
138,Ranbir Upadhyay,South Dumdum,sguha@choudhary-buch.com
139,Akarsh Contractor,Agartala,parinaaz69@hotmail.com
140,Ahana  Swaminathan,Rourkela,nirvaan32@sharaf.com
141,Taran Dhingra,Panipat,manjarivirk@yahoo.com
142,Ivan Saraf,Dhule,rattataran@chanda-manda.org
143,Saira Ratta,Bhiwani,atara@kanda.biz
144,Charvi Borah,Ghaziabad,qrout@korpal.org
145,Adira Koshy,Pali,jayansura@yahoo.com
146,Sana Srinivas,Jehanabad,kiara69@mander.com
147,Miraan Ravel,New Delhi,riya09@hotmail.com
148,Devansh Gara,Haridwar,dchand@sankaran.info
149,Amani Bains,Siwan,miraya35@anand.com
150,Samiha Jain,Kota,bsem@yahoo.com
151,Onkar Kar,Udupi,mannanahita@kumer.info
152,Prisha Mandal,Dindigul,ravirania@sankar.com
153,Raghav Chhabra,Kalyan-Dombivli,lakshaygala@choudhary.net
154,Saanvi Sankar,Indore,udivan@yahoo.com
155,Yasmin Hayer,Hospet,ymani@chawla-kale.com
156,Prisha Chowdhury,Ramgarh,raghavgopal@chawla.org
157,Chirag Dubey,Bardhaman,lokeparinaaz@khosla-issac.org
158,Aaryahi Manne,Faridabad,anvi05@gmail.com
159,Aaina Venkatesh,Malegaon,badal04@ratta-bhatti.com
160,Jayan Solanki,Medininagar,anneadah@atwal-deshmukh.info
161,Shayak Taneja,Bhusawal,kaira84@gupta.org
162,Kaira Divan,Junagadh,lalmyra@hotmail.com
163,Kaira Deol,Bhavnagar,madhavsodhi@hotmail.com
164,Amani Dave,Sultan Pur Majra,johalnayantara@gmail.com
165,Ivana Rajagopalan,Dindigul,zchawla@yahoo.com
166,Riya Salvi,Ramgarh,vohraivan@hotmail.com
167,Shray Sandal,Haldia,shayak58@gmail.com
168,Jhanvi Baral,Pondicherry,umang19@choudhury-varkey.net
169,Nirvaan Sengupta,Kolkata,onkarvarughese@lad-dasgupta.com
170,Raghav Borah,Guntakal,reneetrivedi@chaudry.com
171,Dhanuk Dhar,Tiruvottiyur,chadparinaaz@choudhry-bandi.com
172,Shamik Tara,Machilipatnam,kaira32@gmail.com
173,Ahana  Chatterjee,Jhansi,wrau@varkey.com
174,Pari Sahni,Nadiad,ghoshyuvaan@yahoo.com
175,Advik Joshi,Ajmer,keyareddy@badami.org
176,Oorja Roy,Unnao,tvala@hotmail.com
177,Kiara Singh,Solapur,kohliayesha@kade.com
178,Gokul Shroff,Delhi,anaya12@gmail.com
179,Tara Banerjee,Meerut,utaneja@hotmail.com
180,Pihu Sharma,Bijapur,manderneelofar@upadhyay.com
181,Uthkarsh Butala,Gurgaon,hsarkar@dara.com
182,Jhanvi Sanghvi,Singrauli,framesh@hayre.info
183,Yuvaan Dewan,Serampore,rasha72@sunder.com
184,Saanvi Loke,Katihar,madhav80@yahoo.com
185,Shlok Warrior,Raipur,mehulshenoy@hotmail.com
186,Zeeshan Handa,Dhule,pvirk@vig.com
187,Vivaan Yadav,Baranagar,karamiraya@sura-tata.com
188,Kabir Wali,Rajpur Sonarpur,varughesemadhav@yadav.com
189,Elakshi Rau,Kolkata,jchakraborty@hotmail.com
190,Gatik Tripathi,Begusarai,edewan@hotmail.com
191,Madhup Dani,Ajmer,isen@acharya.biz
192,Vaibhav Bakshi,Davanagere,wthaker@tailor.com
193,Hridaan Chauhan,Bally,manjariacharya@koshy.org
194,Sahil Bhakta,Agartala,sahilvenkatesh@gmail.com
195,Chirag Chaudhari,Nangloi Jat,ranbir25@hotmail.com
196,Rania Bahl,Ramagundam,lagan94@keer.com
197,Aayush Tailor,Karimnagar,dkaran@hotmail.com
198,Tushar Gour,Mahbubnagar,chowdhurydhanush@gmail.com
199,Indranil Mall,Bhagalpur,darshit98@gmail.com
200,Indrajit Sarkar,Begusarai,indranil61@hotmail.com
201,Renee Bora,Berhampur,sara63@batra.com
202,Suhana Sawhney,Bhatpara,veer71@yahoo.com
203,Vivaan Sathe,Morena,nkamdar@bali-chadha.net
204,Kabir Balan,Thrissur,shalv38@chopra.org
205,Dishani De,Lucknow,doratanya@gmail.com
206,Onkar Bakshi,Thanjavur,mehul76@hotmail.com
207,Suhana Dugar,Guwahati,rdhawan@sen.com
208,Ivana Goswami,Asansol,ryan76@yahoo.com
209,Sahil Agrawal,Hazaribagh,hchaudhuri@chakrabarti-tella.biz
210,Romil Srivastava,Rewa,lakshithanda@gmail.com
211,Ela Trivedi,Tezpur,gratta@kade.net
212,Vihaan Balay,Udupi,gbatra@gmail.com
213,Badal Dash,Guntur,rohan67@rattan.net
214,Dharmajan Kumer,Adoni,fbrahmbhatt@yahoo.com
215,Mohanlal Sabharwal,Gorakhpur,advik80@batra.biz
216,Aniruddh Cheema,Eluru,myra56@gmail.com
217,Himmat Raman,Dindigul,kabir19@gopal.net
218,Suhana Edwin,Secunderabad,taimur37@bhagat.org
219,Rhea Chatterjee,Kota,priyanshchoudhary@swamy-bath.com
220,Tejas Gulati,Firozabad,fsood@hotmail.com
221,Madhup Johal,Srikakulam,aradhya51@yahoo.com
222,Aarush Deep,Kamarhati,mohanlalchana@mann.com
223,Zaina Badal,Bhubaneswar,veersinghal@hotmail.com
224,Vritika Gola,Nellore,wthakur@bassi.com
225,Ayesha Ramaswamy,Udaipur,zain72@kibe.com
226,Jayant Ganesh,Mysore,vihaan49@kibe.com
227,Lagan Barad,Rajahmundry,lbanik@gmail.com
228,Khushi Kakar,Erode,veer29@sane.biz
229,Divit Swamy,Shivpuri,singhalbhamini@yahoo.com
230,Alia Borah,Bhagalpur,reneebhatti@yahoo.com
231,Riaan Sampath,Panihati,rayoorja@andra.biz
232,Diya Lala,Thanjavur,samrashalv@hotmail.com
233,Vanya Sura,Guntakal,diyatara@desai-gupta.com
234,Lakshit Mallick,Alappuzha,battaurvi@yahoo.com
235,Kabir Hegde,Tadipatri,ichadha@seshadri-sharma.biz
236,Khushi Kara,Karawal Nagar,kundashalv@yahoo.com
237,Samarth Chander,Salem,onkarkata@hotmail.com
238,Hrishita Agarwal,Rajahmundry,nlad@hotmail.com
239,Kashvi Konda,Mau,sachdevaarnav@yahoo.com
240,Khushi Gala,Gorakhpur,veersami@yahoo.com
241,Biju Rao,Berhampur,dhruvchad@dave.com
242,Yakshit Ghosh,South Dumdum,floke@yahoo.com
243,Akarsh Virk,Indore,hazelboase@datta.com
244,Shanaya Jani,Dhule,sekhonanaya@yahoo.com
245,Ahana  Sekhon,Vadodara,maharajraghav@manda.info
246,Akarsh Devan,Raipur,maninirvi@chokshi-gala.org
247,Pranay Venkatesh,Tirunelveli,gollalakshay@yahoo.com
248,Rhea Gulati,Darbhanga,duarasha@yahoo.com
249,Gokul Chacko,Guna,dyalamani@mand.net
250,Lavanya Chaudhry,Junagadh,himmat27@amble.info
251,Misha Singh,Rourkela,anvi64@din.com
252,Hansh Thakur,Sikar,pchakrabarti@chana-sami.com
253,Dhruv Lad,Giridih,dhruv47@hotmail.com
254,Indranil Srinivas,Ghaziabad,baiju67@chauhan-sharaf.com
255,Adira Mani,Bhiwandi,kantshamik@sehgal.com
256,Abram Mangal,Karawal Nagar,jivindhar@gmail.com
257,Indrans Agarwal,Machilipatnam,mishakala@kohli.net
258,Raunak Raju,Chandrapur,bajwakrish@jha.biz
259,Zeeshan Rau,Phagwara,ukapadia@dhawan.com
260,Lagan Borah,Tezpur,venkateshvardaniya@bhat-kumar.com
261,Hrishita Sachdeva,Bhagalpur,reyansh11@gmail.com
262,Eshani Chada,Sonipat,anika41@hotmail.com
263,Dishani Deshpande,Nagpur,ianne@chopra.com
264,Nakul Dhingra,Anantapur,uverma@raval.com
265,Kaira Ram,Patiala,rasha45@gala.net
266,Himmat Deo,Nizamabad,aniruddh24@hotmail.com
267,Charvi Ratti,Panchkula,anikakarnik@bhasin.biz
268,Ivan Butala,Khandwa,anvi95@gmail.com
269,Raunak Manda,Mira-Bhayandar,oorjajayaraman@som.com
270,Ahana  Ramakrishnan,Pallavaram,kalayakshit@yahoo.com
271,Chirag Saran,Kozhikode,tanya99@kurian-lalla.com
272,Urvi Hayer,Amritsar,sgokhale@yahoo.com
273,Ivana Barad,Naihati,nehmatdhingra@loyal-mand.com
274,Eshani Bahl,Madhyamgram,elakshikumer@karpe-kaul.info
275,Miraya Lanka,Satna,aarush24@hotmail.com
276,Mamooty Dewan,Tumkur,hunar87@som.biz
277,Dharmajan Setty,Nagercoil,advikatripathi@yahoo.com
278,Ryan Sura,Unnao,fatehsha@chaudhary.com
279,Drishya Ahuja,Nagercoil,gokul85@yahoo.com
280,Hridaan Bhavsar,Loni,aarnahans@shetty.com
281,Divyansh Atwal,Kochi,annearmaan@dayal-master.net
282,Samiha Sibal,Vijayawada,rania08@yahoo.com
283,Vihaan Ramanathan,Ambarnath,yashvi28@gmail.com
284,Tarini Gade,Vadodara,daliariaan@yahoo.com
285,Nitya Bhardwaj,Secunderabad,gganguly@hotmail.com
286,Vivaan Rajagopal,Firozabad,uthkarshmajumdar@barad-garde.com
287,Aaina Sehgal,Bhiwandi,shlokseth@hotmail.com
288,Anay Sahota,Gudivada,alishabrahmbhatt@rattan.com
289,Jayesh Rama,Noida,sakshamsaha@hotmail.com
290,Vihaan Setty,Tumkur,abath@bahl.net
291,Nitya Subramanian,Siwan,shlok75@balay-grewal.org
292,Anaya Dar,Narasaraopet,zramachandran@raman-bajwa.com
293,Kiara Jain,Jaunpur,tushar72@edwin.com
294,Diya Savant,Sangli-Miraj & Kupwad,jhaverialia@venkatesh-sanghvi.com
295,Amani Korpal,Kavali,chadaraunak@solanki-tailor.biz
296,Vardaniya Yohannan,Mau,vanya74@yahoo.com
297,Aarush Contractor,Patiala,darshitgade@chaudhary.info
298,Anaya Kumer,Mango,bhamini19@golla.net
299,Vedika Kota,Nellore,gatikkala@bhasin.info
300,Zain Kar,Bangalore,surayuvaan@hotmail.com
301,Kiaan Bose,Etawah,sandalpari@hotmail.com
302,Eshani Bhatt,Mathura,kswamy@dave-sane.com
303,Misha Rajagopalan,Kharagpur,bansalazad@yahoo.com
304,Jhanvi Kara,Bihar Sharif,idar@gmail.com
305,Arnav De,Ramgarh,gokul20@chakrabarti-sagar.biz
306,Divij Bala,Bally,korpalanay@rajagopal-ahluwalia.com
307,Himmat Koshy,Ludhiana,vhora@ratti.com
308,Aarush Chawla,Anand,anay37@yahoo.com
309,Aradhya Hans,Kirari Suleman Nagar,reneelad@zachariah.com
310,Yakshit Varma,Bhubaneswar,yakshitbalay@sood-yohannan.biz
311,Dharmajan Wason,Durgapur,ranbir55@tripathi.com
312,Farhan Gandhi,Lucknow,ywalla@bail.com
313,Anya Gola,Surat,myra14@bhattacharyya-chhabra.net
314,Purab Brahmbhatt,Orai,gkrishna@yahoo.com
315,Darshit Lall,Jalandhar,garavritika@hotmail.com
316,Ayesha Solanki,Raurkela Industrial Township,gvarughese@buch.info
317,Anay Balay,Aligarh,ashere@kota.com
318,Fateh Chaudhuri,Hindupur,eva93@sen-trivedi.com
319,Umang Mand,Giridih,zravi@desai.com
320,Trisha Rastogi,Jamshedpur,cde@sanghvi.com
321,Sahil Khare,Sangli-Miraj & Kupwad,daragatik@kakar.com
322,Neysa Krishnan,Morbi,rasha05@magar.com
323,Riaan Rana,Parbhani,siya56@gmail.com
324,Samiha Chatterjee,Bhilwara,fganesh@gmail.com
325,Anahi Samra,Jamshedpur,adirathaman@barad.com
326,Jhanvi Ratta,Ajmer,lavanya32@dayal-butala.com
327,Tarini Rastogi,Jalandhar,ishita13@ravel.org
328,Advika Goyal,Unnao,jayeshvirk@halder.com
329,Rati Krishnan,Madanapalle,lallaanay@yahoo.com
330,Alisha Kadakia,Sagar,fatehmaharaj@varty.com
331,Mehul Andra,Adoni,eshanikibe@toor-devan.biz
332,Dharmajan Trivedi,Bettiah,darshittiwari@yahoo.com
333,Jivin Mane,Amravati,madhavkohli@sarna.com
334,Eshani Chander,Kulti,vihaansodhi@gmail.com
335,Ranbir Kuruvilla,Khandwa,osarraf@kant-sarna.info
336,Alia Ramakrishnan,Chandrapur,myra17@babu.com
337,Madhav Kalita,Hospet,harilakshit@gmail.com
338,Elakshi Ganguly,Pimpri-Chinchwad,ayeshakarpe@dora.net
339,Riaan Walla,Haldia,alishamammen@yahoo.com
340,Kaira Yohannan,Bangalore,amirakhatri@krishna-bawa.com
341,Kismat Iyer,Faridabad,bathbadal@yahoo.com
342,Khushi Chauhan,Morena,inaaya-dugar@kapur.com
343,Hazel Cheema,Kolkata,armaan58@hotmail.com
344,Aniruddh Saran,Sambhal,jhanviratta@hotmail.com
345,Aradhya Chadha,Parbhani,hhari@yahoo.com
346,Siya Sethi,Mumbai,rania60@dubey-de.com
347,Trisha Balan,Bhubaneswar,yuvraj-cherian@bhatnagar.com
348,Indrans Shetty,Farrukhabad,nshetty@gmail.com
349,Kabir Bhargava,Motihari,badal14@gmail.com
350,Raghav Basak,Shimoga,jaggitejas@venkataraman.biz
351,Nitya Sandal,Coimbatore,indranil01@gmail.com
352,Akarsh Walia,Uluberia,krishnaela@hotmail.com
353,Anvi Wason,Nagpur,jayant96@gmail.com
354,Keya Thaker,Ambala,dharmajan32@gmail.com
355,Anay Choudhury,Moradabad,anikajohal@hotmail.com
356,Shray Ram,Amaravati,kismatkashyap@sampath.com
357,Jayesh Sidhu,Chennai,kimayaanand@sahni.com
358,Kanav Thakkar,Ambattur,ghoseneelofar@gmail.com
359,Purab Bora,Pune,aarushsankar@walla.com
360,Azad Chaudhry,Kanpur,shethpranay@yahoo.com
361,Shanaya Hegde,Katihar,sloyal@gaba-dhawan.org
362,Riya Mammen,Madurai,bassielakshi@lal.com
363,Yuvaan Apte,Solapur,yashviatwal@gmail.com
364,Anahi Babu,Gangtok,xthakkar@gmail.com
365,Chirag Sami,Agartala,daniivana@hotmail.com
366,Shlok Bobal,Surendranagar Dudhrej,thakkarkartik@yahoo.com
367,Aarna Vyas,Amroha,diya92@hotmail.com
368,Tiya Sodhi,Secunderabad,lagan59@sani-andra.biz
369,Ishaan Trivedi,Berhampore,gmammen@ramesh-sinha.com
370,Darshit Gole,Tiruchirappalli,nvarma@yahoo.com
371,Tarini Gokhale,Coimbatore,tarini58@yahoo.com
372,Vaibhav Dhar,Bilaspur,schander@hotmail.com
373,Samarth Raval,Madurai,anvisarraf@yahoo.com
374,Ira Sha,Bongaigaon,ahluwaliarati@hotmail.com
375,Yuvaan Kapoor,Pali,aainakulkarni@lall.org
376,Siya Sabharwal,Khora ,lagan47@hotmail.com
377,Hiran Korpal,Saharsa,vardaniya87@virk.com
378,Anvi Srinivas,Rajahmundry,navya63@hotmail.com
379,Hazel Date,Bareilly,mirayamadan@vaidya.info
380,Suhana Bhatti,Pudukkottai,yuvaan72@ben.net
381,Anay Mane,Parbhani,cchakraborty@andra.com
382,Zeeshan Ganesan,Bhind,shaan48@hotmail.com
383,Kavya Bansal,Cuttack,mishtimadan@hari.info
384,Madhav Jani,Kakinada,mbanerjee@gmail.com
385,Indrans Jha,Meerut,aarnakrishnamurthy@hotmail.com
386,Aarush Sant,Jalandhar,eshani62@gmail.com
387,Zeeshan Tandon,Panihati,qlad@kakar.org
388,Lakshay Sen,Pallavaram,dhawanfaiyaz@chanda-lall.com
389,Tiya Krishnamurthy,Raiganj,uthakur@kanda-salvi.biz
390,Yuvraj  Chatterjee,Tumkur,baiju93@hotmail.com
391,Adira Kaur,Hospet,kanavsibal@yahoo.com
392,Ahana  Choudhury,Meerut,alisha48@yahoo.com
393,Kimaya Swaminathan,Sangli-Miraj & Kupwad,saramagar@hotmail.com
394,Uthkarsh Sarraf,Sikar,bhaktamadhup@hotmail.com
395,Divij Chaudhary,Salem,faiyaz82@yahoo.com
396,Sara Jani,Ballia,bhattacharyyaprerak@edwin.net
397,Fateh Mandal,Hospet,emirhanda@sachdev.com
398,Aaina Arora,Ajmer,kashvithaman@tailor-manne.com
399,Ritvik Issac,Jamshedpur,somkartik@ratta.com
400,Yasmin Ganesan,Kishanganj,mamooty01@yahoo.com
401,Urvi Bhakta,Surat,anahitabuch@yahoo.com
402,Prisha Rattan,Gulbarga,olal@gmail.com
403,Miraya Bahl,Jaipur,eva49@virk-sahota.biz
404,Inaaya  Kanda,Dibrugarh,vihaanchauhan@yahoo.com
405,Amira Kota,Moradabad,stuvandutta@yahoo.com
406,Saksham Sawhney,Chinsurah,riaanchawla@yahoo.com
407,Aradhya Rajagopalan,Bally,yakshit42@gmail.com
408,Aaryahi Biswas,Bidar,krish60@dixit-chhabra.com
409,Vardaniya Kata,Kadapa,taraaradhya@hotmail.com
410,Yuvraj  Lal,Bettiah,khannaaradhya@chana-sathe.org
411,Madhup Vohra,Asansol,mehul10@yahoo.com
412,Prerak Bahl,Pimpri-Chinchwad,barmanurvi@yahoo.com
413,Chirag Sarkar,Kollam,bumbinaaya@gaba.biz
414,Lagan Buch,Bhavnagar,raunakmangal@yahoo.com
415,Kavya Korpal,Ahmedabad,ravalmadhav@thaker-kuruvilla.com
416,Hrishita Anne,Saharanpur,purabvasa@walia-ramachandran.info
417,Ira Goel,Raurkela Industrial Township,xchaudhry@dhaliwal.com
418,Tarini Dara,Hosur,faiyazgarg@chandra.com
419,Vidur Khalsa,Buxar,ladbaiju@yahoo.com
420,Aayush Chowdhury,Durg,bijuchakraborty@gmail.com
421,Eshani Chaudry,Imphal,vritika07@gmail.com
422,Samiha Divan,Proddatur,ahluwaliataran@dyal.com
423,Zara Toor,Vijayawada,cdesai@kapur.com
424,Hrishita Varma,Madhyamgram,wrege@hotmail.com
425,Shlok Dugar,Ramagundam,uthkarshsura@kurian.com
426,Drishya Dhawan,Panihati,zkakar@doctor-chana.com
427,Farhan Bose,Burhanpur,siya30@choudhary-arora.com
428,Nitara Shanker,Ongole,manikya12@gmail.com
429,Aarush Dhillon,Tirunelveli,zshanker@goswami.biz
430,Seher Walia,Mahbubnagar,nhayre@bhasin-lad.info
431,Baiju Yadav,Bilaspur,zainchacko@sunder.net
432,Nitya Manne,Ajmer,ayesha99@chand.com
433,Vidur Rao,Ozhukarai,seher70@hotmail.com
434,Arhaan Sathe,Jamalpur,sahil64@verma-halder.com
435,Ayesha Dara,Aurangabad,rajmehul@hotmail.com
436,Indranil Biswas,Tirupati,onkarthaker@bassi-roy.com
437,Nakul Batra,Jamnagar,ivora@gmail.com
438,Shlok Goda,Madurai,mbhatt@yahoo.com
439,Shamik Verma,Ichalkaranji,tanya33@krish.org
440,Ela Kumar,Jhansi,aryadrishya@arya.info
441,Charvi Badami,Katni,vbabu@hotmail.com
442,Mehul Kala,Amravati,kumarsaira@dani.com
443,Vaibhav Madan,Asansol,sahilsoman@shanker.net
444,Jiya Anand,Surat,sureshjayant@hotmail.com
445,Abram Yohannan,Panchkula,isami@bhavsar.net
446,Samar Rout,Shimoga,emirchoudhry@hayer.com
447,Kimaya Ray,Kavali,saniriaan@hotmail.com
448,Fateh Chad,Katni,anayabhatia@dora-chadha.com
449,Manjari Acharya,Morbi,mamooty30@bhatia-bhasin.com
450,Zoya Batta,Bhimavaram,sawhneychirag@keer-dhingra.org
451,Mehul Desai,Nagpur,bsarraf@yahoo.com
452,Riaan Atwal,Raebareli,vihaansingh@tiwari.com
453,Samar Chaudhary,Vellore,csharaf@kala.com
454,Kavya Deep,Eluru,agarwalinaaya@sachar.com
455,Eshani Aggarwal,Ranchi,khoslalagan@gmail.com
456,Vihaan Mangat,Thiruvananthapuram,ishitakumar@yahoo.com
457,Ehsaan Chada,Bongaigaon,mahikade@gmail.com
458,Rasha Kaur,Salem,balianay@gmail.com
459,Gokul Bail,Gandhinagar,hirantrivedi@verma-balakrishnan.biz
460,Sahil Manda,Ichalkaranji,myohannan@hotmail.com
461,Yuvraj  Shah,Yamunanagar,manjariroy@ghosh.com
462,Madhup Kapoor,Allahabad,shanaya62@hotmail.com
463,Prerak Handa,Mumbai,kavyalad@saini-aggarwal.com
464,Lakshay Kala,Raiganj,fkhanna@manne.com
465,Jayan Dhillon,Kumbakonam,shalv87@hotmail.com
466,Anika Agrawal,Sambhal,kamdarshanaya@yahoo.com
467,Faiyaz Rattan,Jamalpur,tbail@de-bedi.com
468,Darshit Bora,Begusarai,ela77@talwar.com
469,Nakul Bakshi,Noida,prishagour@gmail.com
470,Dhruv Kant,Farrukhabad,odevan@hotmail.com
471,Ojas Walia,Orai,mahika34@hotmail.com
472,Ishita Kakar,Maheshtala,uthkarsh62@yahoo.com
473,Rhea Manne,Naihati,tushar97@yahoo.com
474,Ela Chana,Guna,samairaandra@keer.com
475,Krish Malhotra,Surat,sbali@devan.com
476,Mamooty Krishnan,Delhi,krisharmaan@toor.com
477,Tejas Bhargava,Ichalkaranji,pranay03@joshi-sanghvi.com
478,Suhana Chandra,Dindigul,riya88@gmail.com
479,Amani Mahal,Dhanbad,rraj@hotmail.com
480,Jayant Srinivas,Thrissur,sumerrama@sarraf.info
481,Shanaya Bora,Mysore,dhanukbhavsar@suri.biz
482,Shayak Iyer,Panipat,akarshbaral@hotmail.com
483,Amani Gola,Nashik,jayant49@chaudhuri.biz
484,Badal Joshi,Siwan,tbhatt@hotmail.com
485,Devansh Karnik,Alwar,sodhidamini@chaudhry-bora.com
486,Raunak Krishnamurthy,Bally,damini98@gmail.com
487,Ryan Karpe,Belgaum,rdoctor@chakraborty.com
488,Diya Dass,Danapur,dhruv77@yahoo.com
489,Rhea Sandhu,Bhilwara,mcomar@sharma-rajan.com
490,Faiyaz Karan,Raiganj,pahluwalia@zacharia-virk.org
491,Shlok Kibe,Pondicherry,aryaivan@bhardwaj-butala.biz
492,Kiaan Mangat,Surendranagar Dudhrej,arhaanram@tank.com
493,Hiran Hans,Bhilai,armaanchaudhary@gmail.com
494,Lakshit Dave,Amaravati,ranbirdhar@gmail.com
495,Ayesha Magar,Jaunpur,jayeshmaster@jani.com
496,Hansh Chacko,Kavali,raghav89@yahoo.com
497,Abram Dua,Deoghar,riaan08@gmail.com
498,Ahana  Ratti,Sultan Pur Majra,kanav06@gmail.com
499,Vanya Bhasin,Vasai-Virar,mgara@hotmail.com
500,Akarsh Ratti,Salem,yrajagopal@gmail.com
